<?xml version="1.0" encoding="UTF-8"?>
<project-private xmlns="http://www.netbeans.org/ns/project-private/1">
    <editor-bookmarks xmlns="http://www.netbeans.org/ns/editor-bookmarks/2" lastBookmarkId="0"/>
    <open-files xmlns="http://www.netbeans.org/ns/projectui-open-files/2">
        <group>
            <file>file:/C:/Users/Thomas/Documents/Uni/Advanced%20Programing/Coursework/DashboardlDemoProject/src/uk/ac/gre/comp1549/dashboard/DashboardDemoMain.java</file>
            <file>file:/C:/Users/Thomas/Documents/Uni/Advanced%20Programing/Coursework/DashboardlDemoProject/src/uk/ac/gre/comp1549/dashboard/events/DashBoardEventList.java</file>
            <file>file:/C:/Users/Thomas/Documents/Uni/Advanced%20Programing/Coursework/DashboardlDemoProject/src/uk/ac/gre/comp1549/dashboard/controls/BarDrawPanel.java</file>
            <file>file:/C:/Users/Thomas/Documents/Uni/Advanced%20Programing/Coursework/DashboardlDemoProject/src/uk/ac/gre/comp1549/dashboard/scriptreader/DashboardEventGeneratorFromXML.java</file>
            <file>file:/C:/Users/Thomas/Documents/Uni/Advanced%20Programing/Coursework/DashboardlDemoProject/src/uk/ac/gre/comp1549/dashboard/controls/DialDrawPanel.java</file>
            <file>file:/C:/Users/Thomas/Documents/Uni/Advanced%20Programing/Coursework/DashboardlDemoProject/src/uk/ac/gre/comp1549/dashboard/events/DashBoardEvent.java</file>
        </group>
    </open-files>
</project-private>
