<?xml version="1.0" encoding="utf-8"?>
<!-- edited with XML Spy v4.4 U (http://www.xmlspy.com) by University of Greenwich (University of Greenwich) -->
<dashboard_script>
	<dashboard_event>
		<type>speed</type>
		<value>5</value>
	</dashboard_event>
	<dashboard_event>
		<type>petrol</type>
		<value>95</value>
	</dashboard_event>
	<delay>5</delay>
	<dashboard_event>
		<type>speed</type>
		<value>10</value>
	</dashboard_event>
	<dashboard_event>
		<type>petrol</type>
		<value>93</value>
	</dashboard_event>
	<delay>5</delay>
	<dashboard_event>
		<type>speed</type>
		<value>20</value>
	</dashboard_event>
	<dashboard_event>
		<type>petrol</type>
		<value>91</value>
	</dashboard_event>
	<dashboard_event>
		<type>speed</type>
		<value>40</value>
	</dashboard_event>
	<dashboard_event>
		<type>petrol</type>
		<value>89</value>
	</dashboard_event>
	<delay>5</delay>
	<dashboard_event>
		<type>speed</type>
		<value>45</value>
	</dashboard_event>
	<dashboard_event>
		<type>petrol</type>
		<value>87</value>
	</dashboard_event>
	<delay>5</delay>
	<dashboard_event>
		<type>speed</type>
		<value>40</value>
	</dashboard_event>
	<dashboard_event>
		<type>petrol</type>
		<value>85</value>
	</dashboard_event>
	<delay>5</delay>
	<dashboard_event>
		<type>speed</type>
		<value>45</value>
	</dashboard_event>
	<dashboard_event>
		<type>petrol</type>
		<value>81</value>
	</dashboard_event>
	<delay>5</delay>
	<dashboard_event>
		<type>speed</type>
		<value>50</value>
	</dashboard_event>
	<dashboard_event>
		<type>petrol</type>
		<value>77</value>
	</dashboard_event>
	<delay>5</delay>
	<dashboard_event>
		<type>speed</type>
		<value>45</value>
	</dashboard_event>
	<dashboard_event>
		<type>petrol</type>
		<value>73</value>
	</dashboard_event>
	<delay>5</delay>
	<dashboard_event>
		<type>speed</type>
		<value>50</value>
	</dashboard_event>
	<dashboard_event>
		<type>petrol</type>
		<value>68</value>
	</dashboard_event>
	<delay>5</delay>
	<dashboard_event>
		<type>speed</type>
		<value>55</value>
	</dashboard_event>
	<dashboard_event>
		<type>petrol</type>
		<value>62</value>
	</dashboard_event>
	<delay>5</delay>
	<dashboard_event>
		<type>speed</type>
		<value>60</value>
	</dashboard_event>
</dashboard_script>
